agent,grid,config_id,step,success,reward,length
dqn,fishbone,dqn_fishbone_epsilon_decay_0p99997,22726,1.0,-773.3,191.9
dqn,fishbone,dqn_fishbone_epsilon_decay_0p99997,24757,1.0,-35.0,38.8
dqn,fishbone,dqn_fishbone_epsilon_decay_0p99997,29395,1.0,-122.4,109.4
dqn,fishbone,dqn_fishbone_epsilon_decay_0p99997,31225,0.9,-1075.0,690.9
dqn,fishbone,dqn_fishbone_epsilon_decay_0p99997,32964,1.0,-866.2,223.6
dqn,fishbone,dqn_fishbone_epsilon_decay_0p99997,34576,1.0,-237.7,80.3
dqn,fishbone,dqn_fishbone_epsilon_decay_0p99997,35942,1.0,-237.7,80.3
dqn,fishbone,dqn_fishbone_epsilon_decay_0p99997,37345,1.0,-35.0,38.8
dqn,fishbone,dqn_fishbone_epsilon_decay_0p99997,38576,0.0,-6026.4,5000.0
dqn,fishbone,dqn_fishbone_epsilon_decay_0p99997,42149,1.0,-35.0,38.8
dqn,fishbone,dqn_fishbone_epsilon_decay_0p99997,43542,1.0,-35.0,38.8
dqn,fishbone,dqn_fishbone_epsilon_decay_0p99997,44671,1.0,-35.0,38.8
dqn,fishbone,dqn_fishbone_epsilon_decay_0p99997,45773,1.0,-35.0,38.8
dqn,fishbone,dqn_fishbone_epsilon_decay_0p99997,46845,1.0,-35.0,38.8
dqn,flying_v,dqn_flying_v_epsilon_decay_0p99997,58912,0.4,-5096.4,4080.8
dqn,flying_v,dqn_flying_v_epsilon_decay_0p99997,95792,0.0,-5261.6,5000.0
dqn,flying_v,dqn_flying_v_epsilon_decay_0p99997,141273,0.9,-2513.8,1910.5
dqn,flying_v,dqn_flying_v_epsilon_decay_0p99997,159928,0.0,-5527.2,5000.0
dqn,flying_v,dqn_flying_v_epsilon_decay_0p99997,164252,1.0,-226.7,214.1
dqn,flying_v,dqn_flying_v_epsilon_decay_0p99997,169271,1.0,-41.9,40.5
dqn,flying_v,dqn_flying_v_epsilon_decay_0p99997,170174,1.0,-41.5,44.1
dqn,flying_v,dqn_flying_v_epsilon_decay_0p99997,171692,1.0,-110.1,106.3
dqn,flying_v,dqn_flying_v_epsilon_decay_0p99997,173056,1.0,-33.9,38.9
dqn,half_aisles,dqn_half_aisles_gamma_0p95,82335,0.0,-6097.6,5000.0
dqn,half_aisles,dqn_half_aisles_gamma_0p95,170482,0.0,-5946.8,5000.0
dqn,half_aisles,dqn_half_aisles_gamma_0p95,229421,0.6,-3614.5,2926.7
dqn,half_aisles,dqn_half_aisles_gamma_0p95,240823,0.0,-5944.8,5000.0
dqn,half_aisles,dqn_half_aisles_gamma_0p95,249972,0.0,-5949.6,5000.0
dqn,half_aisles,dqn_half_aisles_gamma_0p95,254444,1.0,-267.9,219.3
dqn,half_aisles,dqn_half_aisles_gamma_0p95,259974,1.0,-143.6,105.0
dqn,half_aisles,dqn_half_aisles_gamma_0p95,261971,0.8,-3493.7,2916.5
dqn,half_aisles,dqn_half_aisles_gamma_0p95,263593,1.0,-143.6,105.0
dqn,half_aisles,dqn_half_aisles_gamma_0p95,264843,1.0,-43.5,45.3
dqn,half_aisles,dqn_half_aisles_gamma_0p95,266003,0.2,-5297.9,4447.3
dqn,half_aisles,dqn_half_aisles_gamma_0p95,267613,0.9,-651.0,544.5
dqn,half_aisles,dqn_half_aisles_gamma_0p95,268847,1.0,-180.5,151.1
dqn,half_aisles,dqn_half_aisles_gamma_0p95,269833,1.0,-43.5,45.3
dqn,half_aisles,dqn_half_aisles_gamma_0p95,270784,1.0,-43.5,45.3
dqn,half_aisles,dqn_half_aisles_gamma_0p95,271720,1.0,-43.5,45.3
dqn,half_aisles,dqn_half_aisles_gamma_0p95,272694,1.0,-43.5,45.3
ppo,fishbone,ppo_fishbone_rollout_size_2048,11276,0.3,-21683.7,4587.4
ppo,fishbone,ppo_fishbone_rollout_size_2048,17332,0.4,-20483.0,4344.2
ppo,fishbone,ppo_fishbone_rollout_size_2048,23571,0.3,-21683.7,4587.4
ppo,fishbone,ppo_fishbone_rollout_size_2048,32000,0.3,-21683.7,4587.4
ppo,fishbone,ppo_fishbone_rollout_size_2048,37219,0.3,-21683.7,4587.4
ppo,fishbone,ppo_fishbone_rollout_size_2048,73607,0.3,-21683.7,4587.4
ppo,fishbone,ppo_fishbone_rollout_size_2048,85270,0.4,-19346.3,4099.9
ppo,fishbone,ppo_fishbone_rollout_size_2048,90662,0.8,-11734.4,2478.8
ppo,fishbone,ppo_fishbone_rollout_size_2048,164420,0.3,-21683.7,4587.4
ppo,fishbone,ppo_fishbone_rollout_size_2048,248706,0.3,-21683.7,4587.4
ppo,fishbone,ppo_fishbone_rollout_size_2048,332992,0.3,-21683.7,4587.4
ppo,fishbone,ppo_fishbone_rollout_size_2048,417278,0.3,-21683.7,4587.4
ppo,fishbone,ppo_fishbone_rollout_size_2048,500000,0.3,-21683.7,4587.4
ppo,flying_v,ppo_flying_v_lr_0p0001,78790,0.0,-5963.6,5000.0
ppo,flying_v,ppo_flying_v_lr_0p0001,163805,0.0,-6007.2,5000.0
ppo,flying_v,ppo_flying_v_lr_0p0001,217756,0.0,-20691.2,5000.0
ppo,flying_v,ppo_flying_v_lr_0p0001,294062,0.5,-13265.8,3542.5
ppo,flying_v,ppo_flying_v_lr_0p0001,331066,0.1,-22133.7,4695.2
ppo,flying_v,ppo_flying_v_lr_0p0001,374659,0.5,-14920.0,3420.7
ppo,flying_v,ppo_flying_v_lr_0p0001,436951,0.0,-23526.4,5000.0
ppo,flying_v,ppo_flying_v_lr_0p0001,500000,0.1,-15916.3,4689.8
ppo,half_aisles,ppo_half_aisles_sigma_0p2,88009,0.5,-18076.6,4065.3
ppo,half_aisles,ppo_half_aisles_sigma_0p2,179220,0.5,-18076.6,4065.3
ppo,half_aisles,ppo_half_aisles_sigma_0p2,270431,0.5,-18076.6,4065.3
ppo,half_aisles,ppo_half_aisles_sigma_0p2,361642,0.5,-18076.6,4065.3
ppo,half_aisles,ppo_half_aisles_sigma_0p2,452853,0.5,-18076.6,4065.3
